{
    "loss": 53.004066467285156,
    "accuracy": 0.9925323128700256
}