{
    "loss": 3.6773746013641357,
    "accuracy": 0.7795411944389343
}